Property type,Price,Suburb,Postcode,Display address,Bedrooms,Bathrooms,Carspaces,Headline,Description,url,Advert type,Advert name,Advert contact
ApartmentUnitFlat,$380,WENTWORTHVILLE,2145,"6/36 Lane Street, Wentworthville",2.0,1.0,1,FULLY RENOVATED TWO BEDROOM UNIT IN PRIME LOCATION,"Situated in a prime location we have this two bedroom unit. Neat kitchen with electric cooking, open plan living and dining combined and balcony. Two decent sized bedrooms both including mirrored built in wardrobes to both, main bathroom ...",http://www.domain.com.au/6-36-lane-street-wentworthville-nsw-2145-14087556,Agency,Richardson & Wrench Parramatta,Lauran Harvey
ApartmentUnitFlat,$380,WENTWORTHVILLE,2145,"4/36 Lane Street, Wentworthville",2.0,1.0,1,FULLY RENOVATED TWO BEDROOM UNIT IN PRIME LOCATION,"Situated in a prime location we have this fully refurbished two bedroom unit. Brand new kitchen with electric cooking, freshly painted and brand new carpet throughout.   Two decent sized bedrooms both including mirrored built in wardrobes...",http://www.domain.com.au/4-36-lane-street-wentworthville-nsw-2145-14087239,Agency,Richardson & Wrench Parramatta,"Richardson & Wrench Office, Lauran Harvey"
ApartmentUnitFlat,$380,WENTWORTHVILLE,2145,"7/36 Lane Street, Wentworthville",2.0,1.0,1,RENOVATED TWO BEDROOM UNIT IN PRIME LOCATION,Situated in a prime location we have this fully refurbished two bedroom unit. Modern kitchen with electric cooking and tiled throughout. Freshly painted and brand new carpet throughout the unit.  Two bedrooms both including mirrored buil...,http://www.domain.com.au/7-36-lane-street-wentworthville-nsw-2145-14030807,Agency,Richardson & Wrench Parramatta,Alex  Abboud
Villa,$400,SOUTH WENTWORTHVILLE,2145,"4/84 Hampden Road, South Wentworthville",2.0,1.0,1,Bright & Spacious,"Set in a small and well maintained complex is this single level villa refurbished throughout. New carpets, blinds and paint provide an as new finish sure to impress.  * Generous bedrooms with  built-ins to main * Open plan lounge and di...",http://www.domain.com.au/4-84-hampden-road-south-wentworthville-nsw-2145-11045722,Agency,Intelligent Property Services,"Jasmine Oppy, Ely Slan"
ApartmentUnitFlat,$400 Renovated 2 bedrooms with lock up garage,WESTMEAD,2145,"11/4-6 Caroline Street, Westmead",2.0,1.0,1,"Quiet yet, Convenient","** Email agent to register the inspection ** ~ Spacious ~ Newly renovated unit in corporate 2 bedrooms, 1 authentic bathroom with separate bath and shower, an exquisite kitchen with quality appliances, balcony, a spacious living/dining a...",http://www.domain.com.au/11-4-6-caroline-street-westmead-nsw-2145-13698751,Agency,My Home Real Estate,Francisco Ribeiro
Duplex,$395,WENTWORTHVILLE,2145,"2/27 Page Street, Wentworthville",2.0,1.0,1,Charming duplex in ultra convenient location,"Situated in a quiet setting, this well duplex home provides a light filled haven and is dedicated to the ultimate in family living and comfort. Situated close to buses, trains and great local schools and is within easy reach of Westmead Ho...",http://www.domain.com.au/2-27-page-street-wentworthville-nsw-2145-14025105,Agency,McGrath Property Management (West),"Tanya Eleftheriou, John Byrnes"
ApartmentUnitFlat,$370,WESTMEAD,2145,"6/30 Queens Road, Westmead",2.0,1.0,1,Well positioned apartment,"Set in a prize position, look no further than this spacious two bedroom second floor unit with brand new floating floor boards and Westmead station, hospital and shops nearby this renovated unit offers innovation and convenience.   - Sp...",http://www.domain.com.au/6-30-queens-road-westmead-nsw-2145-14066993,Agency,McGrath Property Management (West),"Anthony Fleming, Simone Bellette"
House,$400 wk,SOUTH WENTWORTHVILLE,2145,"6A VERLIE STREET, South Wentworthville",2.0,1.0,1,GREAT TWO TO THREE BEDROOM HOME AT A BUDGET PRICE,This has to be one of the best villa (granny flat) offered for rent in this area.  FEATURING: * Two to three bedrooms * As new presentation  * Quality tile floors throughout * Air Conditioned * Family size kitchen * Built-in wardro...,http://www.domain.com.au/6a-verlie-street-south-wentworthville-nsw-2145-14086262,Agency,LJ Hooker Greystanes,"Guy Boardman, Alex Sallit"
House,$400 per week,SOUTH WENTWORTHVILLE,2145,"49 Monterey Street, South Wentworthville",3.0,1.0,1,Comfortable Family Home,"Spacious 3 bedroom home with lounge, dining, polished floors throughout, built-in wardrobes in two rooms, internal laundry, separate toilet from the main bathroom, plenty of off street parking and a big backyard. Located in a quiet area, c...",http://www.domain.com.au/49-monterey-street-south-wentworthville-nsw-2145-11571523,Agency,Chansis Real Estate,Ruzica Moses
ApartmentUnitFlat,$400,WENTWORTHVILLE,2145,"3/180-182 Station Street, Wentworthville",2.0,1.0,1,2 Bedroom unit Wentworthville Location,Nice clean modern unit available. Featuring:  * 2 good size bedrooms * Built-in to main bedroom * Spacious Living area * Large balcony * Neat bathroom * Neat kitchen with gas cooking * Internal Laundry  * Security intercom * L/U ...,http://www.domain.com.au/3-180-182-station-street-wentworthville-nsw-2145-14087137,Agency,Ray Wehbe Real Estate,Ray Wehbe
ApartmentUnitFlat,$400,WESTMEAD,2145,"6/23 Caroline street, Westmead",2.0,1.0,1,Laminate flooring throughout!!!,"Situated in a boutique complex, sits this  two bedroom unit  that offers spacious light filled interiors. The security block is close from westmead public school, Train station , hospital, west field shopping, m4 and great western highway ...",http://www.domain.com.au/6-23-caroline-street-westmead-nsw-2145-9120819,Agency,Great Nationwide Real Estate,
ApartmentUnitFlat,$395,PENDLE HILL,2145,"6/91-95 Stapleton Street, Pendle Hill",2.0,1.0,1,Walk to Train Station & Shops,Large modern apartment located just a hop and a skip to Pendle Hill Shopping Centre and Train Station.   Features Include: + 2 Bedroom with Built-Ins + Fantastic open plan Living & Dining area + Huge Balcony + Large Open Kitchen with...,http://www.domain.com.au/6-91-95-stapleton-street-pendle-hill-nsw-2145-14087051,Agency,Ray Wehbe Real Estate,Ray Wehbe
ApartmentUnitFlat,$380,WESTMEAD,2145,"9/16 Central Avenue, Westmead",2.0,1.0,1,"Undisturbed views!! Walk to Shops, Train Station & Hospital",Neat & tidy Apartment in Westmead. Features include:  - 2 Large bedroom - Bright Spacious Lounge room & dining area - Large closed kitchen - Internal Laundry - Built Ins - Secured car park. - Located on top floor. - Electric Gas ...,http://www.domain.com.au/9-16-central-avenue-westmead-nsw-2145-14087075,Agency,Ray Wehbe Real Estate,Ray Wehbe
House,$350 PW,WESTMEAD,2145,"41 Houison street, Westmead",2.0,1.0,1,Affordable 2 Bedroom Brick Home,Located in a convenient position close to all amenities is this affordable 2 bedroom brick home. Features include - 2 good sized bedrooms  - Sunroom - Separate lounge room - Gas cooking - Fully fenced with off Street parking  To in...,http://www.domain.com.au/41-houison-street-westmead-nsw-2145-13949614,Agency,Laing+Simmons Wentworthville,Rental Enquiries
ApartmentUnitFlat,$350,GREYSTANES,2145,"58A Alpha Road, Greystanes",1.0,1.0,,Near New Granny Flat In Greystanes,Near new Granny Flat located in a peaceful street with own separate access.  - Features a bright and sunny open living area with tiled floors -  R/C air conditioning -  Near new modern kitchen with stainless steel appliance and ceasar s...,http://www.domain.com.au/58a-alpha-road-greystanes-nsw-2145-14086844,Agency,Ray Wehbe Real Estate,Ray Wehbe
House,$240 wk,GREYSTANES,2145,"46a Baden Street, Greystanes",1.0,1.0,,ONE BEDROOM GRANNY FLAT IN GREAT CONDITION,ONE BEDROOM GRANNY FLAT IN GREAT CONDITION  Ideally located just short walk from the busy Greystanes shopping precinct and bus transport to just about anywhere you might need to travel   FEATURES INCLUDE:  *  Immaculate presentation ...,http://www.domain.com.au/46a-baden-street-greystanes-nsw-2145-14085074,Agency,LJ Hooker Greystanes,"Steven Piljek, Tara Jade"
ApartmentUnitFlat,$400,WENTWORTHVILLE,2145,"10/51 Garfield Street, Wentworthville",2.0,1.0,2,Renovated throughout!,Neat and renovated two bedroom unit in a nice block.  Featuring: 	Good sized lounge area 	Eat-in renovated gas kitchen 	Built-in robe to main 	Renovated modern bathroom 	New carpet and paint throughout 	Internal laundry 	Balcony ...,http://www.domain.com.au/10-51-garfield-street-wentworthville-nsw-2145-13946691,Agency,Starr Partners Parramatta,Christopher Vieira
ApartmentUnitFlat,$400 per week,PENDLE HILL,2145,"13/105-113 Stapleton Street, Pendle Hill",2.0,1.0,1,Secure Gated Building...,Short stroll to Pendle Hill Train Station and local shops....  Features: - 2 great size bedrooms both with built-ins - Large living area which leads out to a good size balcony - Modern bathroom - Kitchen with stainless steel applianc...,http://www.domain.com.au/13-105-113-stapleton-street-pendle-hill-nsw-2145-14048020,Agency,Leroy Magee Real Estate,"Leroy MaGee, Rental Department"
ApartmentUnitFlat,$400 PW,WENTWORTHVILLE,2145,"4/148 Station Street, Wentworthville",2.0,1.0,1,Fantastic Location!!,"Situated in one of the most prominent streets of Wentworthville is this well appointed  ground floor unit & only a short distance to Wentworthville Shopping Centre, Wentworthville Public School, Our Lady of Mount Carmel School  & within wa...",http://www.domain.com.au/4-148-station-street-wentworthville-nsw-2145-13967377,Agency,Laing+Simmons Wentworthville,Rental Enquiries
House,$400-$420 Per Week,GREYSTANES,2145,"67 Old Prospect Road, Greystanes",2.0,1.0,1,2 BEDROOM COTTAGE IN HANDY LOCATION!,"A must to inspect this neat and tidy home,  with timber floors in a super handy location, close to Ringrose Public, Shops, Bus stop and walkable distance to Wentworthville Station. Lovely North facing backyard fully fenced, great for the f...",http://www.domain.com.au/67-old-prospect-road-greystanes-nsw-2145-11208844,Agency,Century 21 Advantage,Leasing Team
ApartmentUnitFlat,$400 Per Week,WESTMEAD,2145,"42/16-24 Lydbrook Street, Westmead",2.0,2.0,1,"Short walk to bus stop, train station and hospital!  Newly renovated two bedroom unit!","This secure unit is located close to transport, hospital, train station and popular schools!  One weeks free rent for 12mth lease!   Features include:  *2 Bathrooms - 1 main and ensuite off the main bedroom; *Huge tiled combined loun...",http://www.domain.com.au/42-16-24-lydbrook-street-westmead-nsw-2145-13851594,Agency,Best Real Estate,Property Management
House,$400,MAYS HILL,2145,"2 PATRICIA STREET, Mays Hill",2.0,1.0,1,BRICK HOUSE - MAYS HILL,2 bedroom  Carpet through out  1 bathroom  gas cooking  1 LUG + street parking,http://www.domain.com.au/2-patricia-street-mays-hill-nsw-2145-12973895,Agency,Town and Country Real Estate Merrylands,Elie Kaltoum
ApartmentUnitFlat,$400 - $430,WESTMEAD,2145,"10/9-11 Caroline Street, Westmead",2.0,1.0,1,Modern unit in near new condition,"Showcasing a spacious two bedroom unit, with split-level living and spacious hallways this home caters to professionals and young families.  Featuring:  	Modern kitchen with stainless steel appliances 	Two spacious bedrooms 	Main bedr...",http://www.domain.com.au/10-9-11-caroline-street-westmead-nsw-2145-13791622,Agency,Starr Partners Parramatta,Errol Taufia
ApartmentUnitFlat,$400 per week,PENDLE HILL,2145,"12/90-92 Stapleton Street, Pendle Hill",2.0,1.0,1,Immaculate Two Bedroom Unit,This great top level unit features brand new carpet throughout. Two great size bedrooms with built-in and balcony to main bedroom. Very modern spacious gas kitchen with ample cupboard space. Light and airy main bathroom with separate secon...,http://www.domain.com.au/12-90-92-stapleton-street-pendle-hill-nsw-2145-13988492,Agency,Elders Real Estate Toongabbie,Rentals Team
ApartmentUnitFlat,$400,WESTMEAD,2145,"13/20 Reid Avenue, Westmead",2.0,1.0,1,OPEN FOR INSPECTION SATURDAY 21ST MARCH TBA,"Quietly positioned at the back of the block, this two-bedroom apartment boasts spacious and bright interiors. Within close proximity to local shops, public transport and popular schools, this modern apartment offers -   -       New blind...",http://www.domain.com.au/13-20-reid-avenue-westmead-nsw-2145-14036843,Agency,Ray White Gladesville & Ryde,Naome Chbib
ApartmentUnitFlat,$400 per week,WESTMEAD,2145,"3/14A Central Avenue, Westmead",2.0,1.0,1,PRIME LOCATION!,"Situated in a well-maintained security block with leafy outlook, this recently refreshed 2 bedroom home unit offers spacious interiors with a practical floor plan. Positioned nearby Parramatta Park (walk to Parramatta CBD) and within a sho...",http://www.domain.com.au/3-14a-central-avenue-westmead-nsw-2145-13979503,Agency,Ray White Parramatta/Oatlands/Northmead,Ray White Parramatta
House,$400,SOUTH WENTWORTHVILLE,2145,"44 STAPLETON STREET, South Wentworthville",3.0,1.0,1,MAKE A HOUSE INTO A HOME,"Features Include: - 3 Bedrooms - 1 Bathroom - 1 Secured Parking - Garage - Dining Area - Kitchen Gas Cooking - Polished Timber floorboards - Internal Laundry - Large Backyard - Close to school, shops and public transport  Conta...",http://www.domain.com.au/44-stapleton-street-south-wentworthville-nsw-2145-13482683,Agency,Town and Country Real Estate Merrylands,Elie Kaltoum
ApartmentUnitFlat,$400,WESTMEAD,2145,"2/2 Moss Place, Westmead",2.0,1.0,1,"Peaceful Location & Renovated, Available Now!",Recently renovated two bedroom light filled apartment located close to all amenities. Conveniently located within walking distance to local transport and a short drive to Parramatta CBD and Parramatta Westfield with beautiful Parramatta pa...,http://www.domain.com.au/2-2-moss-place-westmead-nsw-2145-13970361,Agency,LIVREALTY,Aron Korani
House,$400-$420 Per Week,WENTWORTHVILLE,2145,"10A Smith Street, Wentworthville",2.0,1.0,1,Near New Granny Flat!! Pet Allowed!!,Features:  + 2 bedrooms with built in robes + Modern kitchen with gas cooking and plenty of pantry + Open plan living and dining + Contemporary bathroom with separate shower  + Combined laundry  + Split air conditioning + Separate ...,http://www.domain.com.au/10a-smith-street-wentworthville-nsw-2145-11973726,Agency,Century 21 Advantage,Leasing Team
ApartmentUnitFlat,$400,WESTMEAD,2145,"2/8 Priddle Street, Westmead",2.0,1.0,1,Renovated 2 bedroom apartment within minutes walk to Westmead Public School - Two Apartments to Choose From,"**TO BOOK/ REGISTER FOR AN INSPECTION** - Please Click Email Agent  This beautifully updated ground floor 2 bedroom unit is located within minutes walk to local Westmead Public School, Station and Westmead & Children's Hospital.  This ...",http://www.domain.com.au/2-8-priddle-street-westmead-nsw-2145-14032016,Agency,Belle Property Parramatta,Property Management Department
House,$400,CONSTITUTION HILL,2145,"023 Hart Drive, Constitution Hill",2.0,1.0,1,"POLISHED FLOOR BOARDS, FRESHLY PAINTED, REMOTE CONTROL GARAGE, DISHWASHER","2 - 3 BEDROOM HOME, POLISHED FLOOR BOARDS, FRESHLY PAINTED, REMOTE CONTROL GARAGE, DISHWASHER, AVAILABLE NOW!  * 2 Bedrooms * Freshly Painted * Freshly Polished Floor Boards * Modern Kitchen * Modern Bathroom * New Blinds * Dishwas...",http://www.domain.com.au/023-hart-drive-constitution-hill-nsw-2145-13621344,Agency,One Agency Peter Vasiliou,Peter  Vasiliou
House,$400,CONSTITUTION HILL,2145,"0023 Hart Dr, Constitution Hill",2.0,1.0,1,"3 BEDROOM HOME, POLISHED FLOOR BOARDS, FRESHLY PAINTED, REMOTE CONTROL GARAGE","2 - 3 BEDROOM HOME, POLISHED FLOOR BOARDS, FRESHLY PAINTED, REMOTE CONTROL GARAGE, DISHWASHER, AVAILABLE NOW!  * 2 Bedrooms * Freshly Painted * Freshly Polished Floor Boards * Modern Kitchen * Modern Bathroom * New Blinds * Dishwas...",http://www.domain.com.au/0023-hart-dr-constitution-hill-nsw-2145-13631781,Agency,One Agency Peter Vasiliou,Peter  Vasiliou
ApartmentUnitFlat,$400 per week,WESTMEAD,2145,"35/53-59 Balmoral Road, Westmead",2.0,2.0,1,Large 2 bedroom unit,"Large 2 bedroom unit, offering   - Combined lounge and dining - Euro style kitchen, Stainless Steel appliances, dishwasher - Built-ins to bedrooms, ensuite to main  - Internal laundry with dryer  - A/C - Video security intercom - L...",http://www.domain.com.au/35-53-59-balmoral-road-westmead-nsw-2145-13902494,Agency,Better Buildings Realty,Better Buildings Realty
ApartmentUnitFlat,$400 - $430,WESTMEAD,2145,"6/16-24 Lydbrook Street, Westmead",2.0,1.0,1,Freshly Painted Apartment,"Neat 2 bedroom unit on the second floor of a secure complex close to Westmead Hospital, shops, schools, transport and amenities.    	Spacious combined lounge and dining room 	Generous sized bedrooms with built in wardrobe to main 	Con...",http://www.domain.com.au/6-16-24-lydbrook-street-westmead-nsw-2145-13790528,Agency,Starr Partners Parramatta,Errol Taufia
House,$400 Per Week,GREYSTANES,2145,"65 Old Prospect Road, Greystanes",3.0,2.0,2,3 Bedroom House!!,INCLUSIONS: -Timber floors throughout - Ensuite to main bedroom - Laundry with Storage room - Separate Dining Room - Lounge with ornamental fire place- not working - Good size kitchen with electric cooking - 2 Parking Spaces – Stora...,http://www.domain.com.au/65-old-prospect-road-greystanes-nsw-2145-13973732,Agency,Century 21 Advantage,Leasing Team
ApartmentUnitFlat,LEASED BY ESER PROPERTY,GREYSTANES,2145,"44A Kiama Street, Greystanes",2.0,1.0,,MODERN LIVING!,"This warming two bedroom granny-flat situated in the perfect location close to shops, schools and buses, offering security side access and fully fenced off, its perfect with features that include:    Two great size bedrooms with built-in...",http://www.domain.com.au/44a-kiama-street-greystanes-nsw-2145-13747647,Agency,ESER PROPERTY,"Rachelle Nohra, Sarah Kazzi"
ApartmentUnitFlat,$400,WESTMEAD,2145,"7/29 Queens Road, Westmead",2.0,2.0,1,Two Bedrooms Unit Available for Lease,"This unit is situated in handy position where close to all amenities. 5 minutes walking from University of Western Sydney, train station and shopping centre. Other features includes:  - Two bedroom with timber floor. - Two bathroom with...",http://www.domain.com.au/7-29-queens-road-westmead-nsw-2145-13769245,Agency,Hualei Properties,"Kenny (wenhan) Wu, Hualei Rental"
SemiDetached,$400 per week,PENDLE HILL,2145,"88A Bombala Street, Pendle Hill",2.0,1.0,1,RENT REDUCED !! Affordable Opportunity In Good Location!!,"Century 21 Eternity presents to you this spacious Brand new 2 bedroom granny flat on one of the most vital roads in Pendle Hill. Offering the perfect blend of convenience, luxury and affordability, this property is centrally located close ...",http://www.domain.com.au/88a-bombala-street-pendle-hill-nsw-2145-13970032,Agency,Century 21 Eternity,C21 Eternity Rentals Team
ApartmentUnitFlat,LEASED BY ESER PROPERTY,GREYSTANES,2145,"36A Damien Avenue, Greystanes",2.0,1.0,,SPACIOUS TWO BEDROOM GRANNY FLAT,This near new two bedroom granny flat is sure to impress...  Offering;  * Two bedrooms with built ins * Modern kitchen * Split system air conditioning  * Covered entertaining area  Contact ESER property for further details today!!,http://www.domain.com.au/36a-damien-avenue-greystanes-nsw-2145-13900755,Agency,ESER PROPERTY,"Sarah Kazzi, Rachelle Nohra"
ApartmentUnitFlat,$400 pw - LEASED,WENTWORTHVILLE,2145,"11/41-49 Lane Street, Wentworthville",2.0,1.0,1,A Place to call Home!,This perfectly located two bedroom apartment offers a leafy outlook from an oversized balcony perfect for entertaining. Guaranteed to appeal to you if you are seeking affordability and convenience. With such a central location to all ameni...,http://www.domain.com.au/11-41-49-lane-street-wentworthville-nsw-2145-13961015,Agency,Sky Realty,Tom Thanasias
ApartmentUnitFlat,$400-$410 Per Week,WESTMEAD,2145,"43/35-37 Darcy Road, Westmead",2.0,2.0,1,PERFECT LOCATION,"In the heart of Westmead, close to all amenities, is this spacious unit. Featuring: *	Two bedrooms with built ins, main with ensuite *	Modern kitchen with gas cooking, stainless steel appliances & dishwasher *	Large open plan lounge/di...",http://www.domain.com.au/43-35-37-darcy-road-westmead-nsw-2145-13903464,Agency,Century 21 Advantage,Leasing Team
House,$400,CONSTITUTION HILL,2145,"23 HART DRIVE, Constitution Hill",2.0,1.0,1,"2 - 3 BEDROOM HOME, POLISHED FLOORS, FRESHLY PAINTED, REMOTE GARAGE, DISHWASHER","2 - 3 BEDROOM HOME, POLISHED FLOOR BOARDS, FRESHLY PAINTED, REMOTE CONTROL GARAGE, DISHWASHER, AVAILABLE NOW!  * 2 Bedrooms * Freshly Painted * Freshly Polished Floor Boards * Modern Kitchen * Modern Bathroom * New Blinds * Dishwas...",http://www.domain.com.au/23-hart-drive-constitution-hill-nsw-2145-13467839,Agency,One Agency Peter Vasiliou,Peter  Vasiliou
ApartmentUnitFlat,$400 Per Week,WESTMEAD,2145,"95/178 Great Western Highway, Westmead",1.0,1.0,1,Near New 1 Bedroom Units in Convenient Location,"Near new boutique, secure complex located in a desirable location, close to all local amenities, public transport,  Parramatta CBD Major roads, Westfieldsand Westmead hospitals.  Features Include;  - Large bedroom with built ins  - Op...",http://www.domain.com.au/95-178-great-western-highway-westmead-nsw-2145-13112264,Agency,Laing+Simmons Parramatta,Cintia Elkhoury
ApartmentUnitFlat,$400-$420 Per Week,WENTWORTHVILLE,2145,"6/67 Lane Street, Wentworthville",2.0,1.0,1,2 Bedroom Unit Convenient To Everything!!,Get in quick to snatch up this great modern 2 bedroom unit located minutes walk from Wentworthville train station and 2 local shopping centres.  This is a private rear facing unit with lots of natural light and features large open plan l...,http://www.domain.com.au/6-67-lane-street-wentworthville-nsw-2145-14080760,Agency,Century 21 Advantage,Leasing Team
House,$400,GREYSTANES,2145,"14a Adler Parade, Greystanes",2.0,1.0,,UPDATED TWO BEDROOM HOME NOT TO BE MISSED!!,"We are excited to introduce this freshly painted home, located in none other than the popular Greystanes! This home is  minutes drive to the M4 Motorway and situated near local shops and schools. It is perfect for someone who is looking fo...",http://www.domain.com.au/14a-adler-parade-greystanes-nsw-2145-14068694,Agency,LJ Hooker Colyton/St Clair,"Philip Jajou, LJ Hooker Colyton | St Clair"
ApartmentUnitFlat,$400,WESTMEAD,2145,"6/18-20 Helen Street, Westmead",2.0,1.0,1,Ticks all the boxes! Gas cooking - Timber floor - Built ins,"Very well kept 2 bedroom unit, floating floor boards throughout, built- ins to both bedrooms, ceiling fans throughout, modern kitchen with gas cooking, internal laundry, single garage. Do not miss this inspection!",http://www.domain.com.au/6-18-20-helen-street-westmead-nsw-2145-14081004,Agency,Ray White Westmead,Reception Westmead
ApartmentUnitFlat,$400-$420 Per Week,WENTWORTHVILLE,2145,"6/37-39 Lane Street, Wentworthville",2.0,1.0,1,5 Minutes walk to Railway Station,"Well-presented unit in outstanding location so close to Wentworthville railway station, shopping centre, school and day care and easy access into Parramatta CBD and Westmead Hospitals.  Features include:  Two generous size bedrooms  ...",http://www.domain.com.au/6-37-39-lane-street-wentworthville-nsw-2145-13517750,Agency,Best Real Estate,Property Management
ApartmentUnitFlat,$395 Weekly,WESTMEAD,2145,"5/24 Hainsworth Street, Westmead",2.0,1.0,1,Spacious 2 Bedroom Apartment!,"This spacious2 bedroom apartment is conveniently located in the heart of Westmead.  Approx. 1km to Westmead train station, 650m to Westmead Hospital and 1.2km to Westmead Public School, this apartment has convenience written all over it....",http://www.domain.com.au/5-24-hainsworth-street-westmead-nsw-2145-14003009,Agency, Starr Partners Wentworthville,Starr Partners Wentworthville Rentals
House,$395 per week,WENTWORTHVILLE,2145,"Unit 1 & Unit 2/27 Page Street, Wentworthville",2.0,1.0,2,Two Bed Room House,"PROPERTY ID: 52642 (quote when calling)  Newly painted two bedroom house with new kitchen, very close to Westmead Hospital. Minutes away from public school, shopping centre, train station and all public transport.  High ceiling, double b...",http://www.domain.com.au/unit-1-unit-2-27-page-street-wentworthville-nsw-2145-12949512,Agency,RentBetter,RentBetter Team
ApartmentUnitFlat,$395 per week,WENTWORTHVILLE,2145,"3/37-39 Lane Street, Wentworthville",2.0,1.0,1,RENOVATED ENTRY-LEVEL APARTMENT CLOSE TO EVERYTHING,This two-bedroom apartment that has been recently renovated is well presented throughout for bright modern living. Open-plan living joins two good-sized bedrooms and the modern kitchen and main bathroom have both been updated. It is within...,http://www.domain.com.au/3-37-39-lane-street-wentworthville-nsw-2145-13934498,Agency,Ray White Parramatta/Oatlands/Northmead,Ray White Parramatta
ApartmentUnitFlat,$395,PENDLE HILL,2145,"6/91-95 Stapleton Street, Pendle Hill",2.0,1.0,1,Walk to Train Station & Shops,Large modern apartment located just a hop and a skip to Pendle Hill Shopping Centre and Train Station.   Features Include: + 2 Bedroom with Built-Ins + Fantastic open plan Living & Dining area + Huge Balcony + Large Open Kitchen with...,http://www.domain.com.au/6-91-95-stapleton-street-pendle-hill-nsw-2145-14079272,Agency,Ray Wehbe Real Estate,Ray Wehbe
ApartmentUnitFlat,$390 - $410 Per Week,WENTWORTHVILLE,2145,"2/37-39 Lane Street, Wentworthville",2.0,1.0,1,Hop-Skip & Jump to Station!,"Conveniently located modern unit so close to Wentworthville railway station, shopping centres, schools and quick access into Parramatta CBD.  Features include- Two bedrooms with built in wardrobe to the master bedroom.  Combined lounge a...",http://www.domain.com.au/2-37-39-lane-street-wentworthville-nsw-2145-14061113,Agency,Best Real Estate,Property Management
House,$390 Per Week,WENTWORTHVILLE,2145,"11 Hill Street, Wentworthville",3.0,1.0,,Air Conditioning & Fully Fenced Yard,"Located in the heart of Wentworthville within a stroll from Station, shops, schools and parks is this well maintained 3 bedroom brick home.  Large separate lounge room with air conditioning.  Separate dining room.  Gas cooking and he...",http://www.domain.com.au/11-hill-street-wentworthville-nsw-2145-14050504,Agency,Best Real Estate,Property Management
ApartmentUnitFlat,$390 PW,PENDLE HILL,2145,"7/90-92 Stapleton Street, Pendle Hill",2.0,1.0,1,2 Bedroom Unit Close To Station!,"Conveniently located and only a short 6 minute walk to Pendle Hill Train Station (according to Google Maps) is this spacious two bedroom unit.   Featuring a combined living and dining area, well-appointed kitchen with gas cooking, two go...",http://www.domain.com.au/7-90-92-stapleton-street-pendle-hill-nsw-2145-13934569,Agency,Laing+Simmons Wentworthville,Rental Enquiries
ApartmentUnitFlat,Deposit Taken!!,WENTWORTHVILLE,2145,"64/300-308 Great Western Highway, Wentworthville",1.0,1.0,1,Deposit Taken!! Brand New apartment ready to move in NOW,"Deposit Taken!!  Located just 25km from the Sydney CBD, this 1 bed brand new appartment is also in close proximity to Parramatta (3.5km or a 6 minute drive), Sydney's second CBD. Wentworthville offers 308 residents a bustling local commun...",http://www.domain.com.au/64-300-308-great-western-highway-wentworthville-nsw-2145-12451519,Agency,The Property Investors Alliance,Leasing Team
ApartmentUnitFlat,$390,WESTMEAD,2145,"12/157 Hawkesbury Road, Westmead",2.0,1.0,1,Spacious 2 Bedroom Unit With Lock Up Garage,"Recently PAINTED 2 bedroom unit in a small block of 12. The unit features combined living and dining area, kitchen with electric appliances, timber floorboards, Builtins to both bedrooms, internal laundry, also includes a lockup garage.  ...",http://www.domain.com.au/12-157-hawkesbury-road-westmead-nsw-2145-14053116,Agency,Ray White Westmead,"George Jahshan, Reception Westmead"
Villa,$390,SOUTH WENTWORTHVILLE,2145,"10/55 Chelmsford Road, South Wentworthville",2.0,1.0,1,Large Two Bedroom Villa,"Close to school, shops, T way & transport.   Features include:   . 2 large bedrooms both with built-ins . Huge open plan lounge & dining room area . Timber kitchen with electric cooking . Modern bathroom . Tiled throughout, Carpet ...",http://www.domain.com.au/10-55-chelmsford-road-south-wentworthville-nsw-2145-14068084,Agency,QWest Property Group,"Josh Golfis, Jim Malamas"
ApartmentUnitFlat,$390,WESTMEAD,2145,"4/18-20 Jessie Street, Westmead",2.0,1.0,1,FRESHLY PAINTED TWO BEDROOM UNIT IN PRIMCE LOCATION,"Situated in a well-presented and secure building, we have this lovely two bedroom unit on the first floor.   Feature include: •	Freshly Painted Throughout •	Spacious lounge & dining •	Modern kitchen with electric cooking •	Main ...",http://www.domain.com.au/4-18-20-jessie-street-westmead-nsw-2145-13930475,Agency,Richardson & Wrench Parramatta,Rebecca Bell
ApartmentUnitFlat,$390,WESTMEAD,2145,"6/21 Caroline Street, Westmead",2.0,1.0,2,SPACIOUS 2 BEDROOM APARTMENT WITH TANDEM GARAGE,"**CLICK EMAIL AGENT TO REGISTER FOR AN INSPECTION**  This spacious renovated 2 bedroom apartment in the heart of Westmead, and only 5 minutes walk to Westmead Station, Westmead/Children's Hospital, Schools and Shops, this property featur...",http://www.domain.com.au/6-21-caroline-street-westmead-nsw-2145-14010523,Agency,Belle Property Parramatta,Property Management Department
ApartmentUnitFlat,$390,WESTMEAD,2145,"9/3 Queens Road, Westmead",2.0,1.0,1,Close to Westmead public School,"Come and inspect this well presented two bedroom unit situated in great location. This property features two great sized bedrooms with built in to main, large living lounge room with access to balcony, spacious sized kitchen, internal lau...",http://www.domain.com.au/9-3-queens-road-westmead-nsw-2145-13785941,Agency,Ray White Westmead,George Jahshan
ApartmentUnitFlat,$390,PEMULWUY,2145,"44/13-19 PASTORAL CIRCUIT, Pemulwuy",1.0,1.0,1,Well Presented Quality Living!,If you are looking for quality and a sleek contemporary finish this lovely one bedroom unit is ideally situated on the top level. This well presented unit offers;    * Generous combined living and dining room adjoining on to north facing...,http://www.domain.com.au/44-13-19-pastoral-circuit-pemulwuy-nsw-2145-13772679,Agency,Starr Partners Merrylands,RENTAL 97606677
ApartmentUnitFlat,$390 Per Week,WESTMEAD,2145,"6/209 Hawkesbury Road, Westmead",2.0,1.0,1,Large Freshly Painted Two Bedroom Unit Opposite Hospital,"This large two bedroom unit conveniently located, features the following:  - Positioned on top floor in a small complex - Security building with intercom system - Spacious lounge and dining with airconditioner  - Nice kitchen with ele...",http://www.domain.com.au/6-209-hawkesbury-road-westmead-nsw-2145-12100625,Agency,Laing+Simmons Parramatta,Jessica Icho
ApartmentUnitFlat,$390.00,WESTMEAD,2145,"3/43a Grand Avenue, Westmead",2.0,1.0,,CENTRALLY LOCATED AND COMPLETELY RENOVATED,Available 29th March 2020 = Located on the ground floor of this immaculate and quiet residential block you will find this beautifully updated apartment offering modern living throughout at an ultra-affordable price. Be the first to inspect...,http://www.domain.com.au/3-43a-grand-avenue-westmead-nsw-2145-9909829,Agency,True Property,
ApartmentUnitFlat,$390,WESTMEAD,2145,"4/19 Helen Street, Westmead",2.0,1.0,1,Freshly Painted Spacious unit,"Two-bedroom unit with built-in wardrobe in the main bedroom, internal laundry, combined lounge and dining, single garage, 2 balconies, Intercom, short walk to children's Westmead Hospital, walking distance to station, shops and schools. ...",http://www.domain.com.au/4-19-helen-street-westmead-nsw-2145-14061257,Agency,Ray White Westmead,Reception Westmead
ApartmentUnitFlat,$385,WESTMEAD,2145,"4/14-16 Jessie Street, Westmead",2.0,1.0,1,A MUST TO INSPECT!,An opportunity for you to secure a centrally located rental unit that is conveniently located close to all amenities in Westmead. This well presented 2 bedroom unit is situated on the top floor with north aspect  Features:  - Separate li...,http://www.domain.com.au/4-14-16-jessie-street-westmead-nsw-2145-13785943,Agency,Ray White Westmead,George Jahshan
Villa,$400,PENDLE HILL,2145,"7 Rhonda St, Pendle Hill",2.0,1.0,2,TOP LOCATION!!,"Global Real wentworthville are offer you Two bedrooms master with ensuite,built ins. open plan living and dining, Gas kitchen & hot water system. Fully secure front and rear yard. Open plan living and dining, air conditioning and Lock-up g...",http://www.domain.com.au/7-rhonda-st-pendle-hill-nsw-2145-13898960,Agency,Global Real Estate Pty Ltd,"Dhan Rai, Global Real Estate Office"
House,$400,WENTWORTHVILLE,2145,"8 Mayfield Street, Wentworthville",3.0,1.0,2,Quiet Street - Good Location,"Features Include:  - Renovated 3 bedroom home - Separate sunroom, can be used a rumpus or study or media - Gas Kitchen with a new rangehood - Separate Dining area - Floor board throughout for less maintenance - Huge backyard who enj...",http://www.domain.com.au/8-mayfield-street-wentworthville-nsw-2145-12171127,Agency,LEGEND REAL ESTATE,"Hari Sallakonda, Durai R"
ApartmentUnitFlat,$380 per week,WENTWORTHVILLE,2145,"10/12 Emert Street, Wentworthville",2.0,1.0,1,Up for a SWIM ???,"Enjoy a HOT balmy day overlooking Wentworthville Public Swimming Pool, this unit offers convenient living with a view....  Features: - 2 bedrooms both with mirrored built-ins - Timber flooring in the living and bedrooms - Separate kit...",http://www.domain.com.au/10-12-emert-street-wentworthville-nsw-2145-14048021,Agency,Leroy Magee Real Estate,"Leroy MaGee, Rental Department"
ApartmentUnitFlat,$380.00 per week,WESTMEAD,2145,"12/15-19 Hassall Street, Westmead",2.0,1.0,1,UNIT IN PRIME LOCATION,"- 2 bedrooms, main with built-in robe - Bathroom with bath tub and toilet - Kitchen with gas cooking & dishwasher - Open plan lounge & dining with split system air conditioning  - Laundry with dryer and balcony  - Great location to pu...",http://www.domain.com.au/12-15-19-hassall-street-westmead-nsw-2145-13811572,Agency,Homeway First National,Property Management
ApartmentUnitFlat,$380,WESTMEAD,2145,"10/2 Moss Place, Westmead",2.0,1.0,1,"Peaceful Location, Available Now!",Recently renovated two bedroom light filled apartment located close to all amenities. Conveniently located within walking distance to local transport and a short drive to Parramatta CBD and Parramatta Westfield with beautiful Parramatta pa...,http://www.domain.com.au/10-2-moss-place-westmead-nsw-2145-13958247,Agency,LIVREALTY,Aron Korani
Villa,$380 Per Week,WENTWORTHVILLE,2145,"8/26-28 Jersey Road, Wentworthville",2.0,1.0,1,2 Bedroom Villa!!,"This property offers:  * 2 bedrooms * Combined lounge & dining * Tiled throughout * Modern kitchen with gas cooking * Reverse cycle air conditioning, modern kitchen with gas cooking * Down lights * Modern bathroom * Built ins x2 ...",http://www.domain.com.au/8-26-28-jersey-road-wentworthville-nsw-2145-9930112,Agency,Century 21 Advantage,Leasing Team
ApartmentUnitFlat,$380,WESTMEAD,2145,"26/74 Hawkesbury Road, Westmead",2.0,1.0,,A MUST TO INSPECT!,"Spacious 2 bedroom unit  located above the Oakes Centre Shopping village. Features renovated kitchen with gas cooking, large lounge and dinning area, timber floors, huge sunny balcony, a short walk to Westmead Public School, and Westmead ...",http://www.domain.com.au/26-74-hawkesbury-road-westmead-nsw-2145-13768331,Agency,Ray White Westmead,"George Jahshan, Reception Westmead"
ApartmentUnitFlat,From $380 per week,PENDLE HILL,2145,"2 Pendle Way, Pendle Hill",1.0,1.0,1,Brand New Luxury One Bedroom Apartment,Brand new one bedroom unit with combined lounge and dining area leading to large private outdoor area Features include:  - Modern Kitchen with quality stainless steel gas appliances - Very large private outdoor entertainment - Both Be...,http://www.domain.com.au/2-pendle-way-pendle-hill-nsw-2145-13767413,Agency,Base Realty Pty Ltd,Base Management
ApartmentUnitFlat,$400-$430 per week,WENTWORTHVILLE,2145,"9/217 Dunmore Street, Wentworthville",2.0,1.0,1,Easy access to Station & shops,"Well priced modern two bedroom unit in excellent location easy walking distance to station, shopping centre and quick access into Parramatta & Westmead.  Neat and tidy presentation and freshly painted throughout.   Features two bedroom...",http://www.domain.com.au/9-217-dunmore-street-wentworthville-nsw-2145-13999257,Agency,Best Real Estate,Property Management
ApartmentUnitFlat,$380-$400 per week!!,PENDLE HILL,2145,"2/116 Pendle Way, Pendle Hill",2.0,1.0,,Ultra convenient Location!!!,"Recently updated two bedroom apartment in the heart of Pendle Hill. Located within minutes walk to Pendle Hill Train Station, local shops, parks and reputed local schools.  Features Includes: + Open plan living and dining area + Two be...",http://www.domain.com.au/2-116-pendle-way-pendle-hill-nsw-2145-14069611,Agency,First National Real Estate Westsyde,Rentals Team
ApartmentUnitFlat,$380,WESTMEAD,2145,"9/16 Central Avenue, Westmead",2.0,1.0,1,"Undisturbed views!! Walk to Shops, Train Station & Hospital",Neat & tidy Apartment in Westmead. Features include:  - 2 Large bedroom - Bright Spacious Lounge room & dining area - Large closed kitchen - Internal Laundry - Built Ins - Secured car park. - Located on top floor. - Electric Gas ...,http://www.domain.com.au/9-16-central-avenue-westmead-nsw-2145-14079485,Agency,Ray Wehbe Real Estate,Ray Wehbe
ApartmentUnitFlat,$380,WESTMEAD,2145,"09/18-20 Helen Street, Westmead",2.0,1.0,1,"GAS COOKING, 2 BEDROOMS, 1 BUILT IN, 1ST FLOOR, LOCK UP GARAGE, AVAILABLE NOW!","GAS COOKING, 2 BEDROOMS, 1 BUILT IN, BALCONY, 1ST FLOOR, LOCK UP GARAGE, TOP LOCATION, INTERCOM BLOCK, VACANT AVAILABLE NOW!  * 2 BEDROOMS * 1 BUILT IN WARDROBES IN MASTER BEDROOM * GAS COOKING * UPDATED KITCHEN * BALCONY * FIRST FL...",http://www.domain.com.au/09-18-20-helen-street-westmead-nsw-2145-13962828,Agency,One Agency Peter Vasiliou,Peter  Vasiliou
ApartmentUnitFlat,$380,PENDLE HILL,2145,"11/71 Stapleton Street, Pendle Hill",2.0,1.0,1,Perfect location with Near New Carpet,"Located only a short walk to local schools, shops and public transport, this spacious two bedroom units:   Near new carpet throughout Two good sized bedroom with the master featuring built-in wardrobe Large open plan living and dining ...",http://www.domain.com.au/11-71-stapleton-street-pendle-hill-nsw-2145-13969411,Agency,LJ Hooker Toongabbie,Toongabbie Rentals
ApartmentUnitFlat,$380,WESTMEAD,2145,"11/4-6 Park Avenue, Westmead",2.0,1.0,1,INSPECT TODAY - THIS PROPERTY WON'T LAST,"This bright and spacious two-bedroom unit is only a stroll away from Westmead train station, Parramatta CBD, park and hospital. This beautifully presented home has been well maintained over the years featuring a sun-filled balcony overlook...",http://www.domain.com.au/11-4-6-park-avenue-westmead-nsw-2145-14068032,Agency,Raine & Horne Parramatta,Brianna Mitchell
ApartmentUnitFlat,$380,WESTMEAD,2145,"3/2 Alfred Street, Westmead",2.0,1.0,1,Brand new laminate Timber floors,"Spacious 2 bedroom unit with builtin wardrobes to both bedrooms, a modern style kitchen granite benchtop, and a combined lounge and dining area, also features a lock up garage and a security bock with internal laundry, close to hospital an...",http://www.domain.com.au/3-2-alfred-street-westmead-nsw-2145-14080149,Agency,Ray White Westmead,Reception Westmead
Villa,$380 PW,WESTMEAD,2145,"22 Austral Avenue, Westmead",2.0,1.0,1,SHORT TERM LEASE  Water Included,"We welcome you to inspect this 2 bedroom villa with laminate flooring throughout, kitchen eating area with natural gas cooking and water usage included. Property is to be knocked down in time, so short lease only. No pets. To inspect this ...",http://www.domain.com.au/22-austral-avenue-westmead-nsw-2145-14066725,Agency,Laing+Simmons Wentworthville,Rental Enquiries
ApartmentUnitFlat,$380 - $400 Per Week,WENTWORTHVILLE,2145,"7/25-27 Lane Street, Wentworthville",3.0,1.0,1,Best Value!  3 Bedrooms!,"Three bedroom unit.  This unit is in fabulous location, so close to Woolworths shopping center, local shopping, schools, day care and easy stroll to railway station. Open plan living area opening onto sunny balcony. Good size kitchen and ...",http://www.domain.com.au/7-25-27-lane-street-wentworthville-nsw-2145-14073070,Agency,Best Real Estate,Property Management
ApartmentUnitFlat,Contact agent !!,PENDLE HILL,2145,"11/71-73 Stapleton Street, Pendle Hill",2.0,1.0,1,Perfect Location & Close to everything !!,"This Immaculately presented two-bedroom unit is an outstanding opportunity for family. Located within minutes walk to Pendle Hill Train Station, Local Shops, Woolworth and Parks this exceptional unit is a must to inspect.  Property featu...",http://www.domain.com.au/11-71-73-stapleton-street-pendle-hill-nsw-2145-14076758,Agency,First National Real Estate Westsyde,Rentals Team
House,$380- $400 per week!!,WENTWORTHVILLE,2145,"119 Fullagar Road, Wentworthville",3.0,1.0,1,Spacious House in a prime location!!,"This large 3 bedroom family home is sure to impress anyone who is looking for extra space, close to school, shopping centre, train station, library, medical centre and many more amenities.  Property features:  - Formal lounge with vera...",http://www.domain.com.au/119-fullagar-road-wentworthville-nsw-2145-14069462,Agency,First National Real Estate Westsyde,Rentals Team
ApartmentUnitFlat,$380,WESTMEAD,2145,"009/18 - 20 Helen Street, Westmead",2.0,1.0,1,"GAS COOKING, 1 BUILT IN, BALCONY, 1ST FLOOR, GARAGE, INTERCOM, AVAILABLE NOW","GAS COOKING, 2 BEDROOMS, 1 BUILT IN, BALCONY, 1ST FLOOR, LOCK UP GARAGE, TOP LOCATION, INTERCOM BLOCK, VACANT AVAILABLE NOW!  * 2 BEDROOMS * 1 BUILT IN WARDROBES IN MASTER BEDROOM * GAS COOKING * UPDATED KITCHEN * BALCONY * FIRST FL...",http://www.domain.com.au/009-18-20-helen-street-westmead-nsw-2145-14010973,Agency,One Agency Peter Vasiliou,Peter  Vasiliou
ApartmentUnitFlat,$380,WESTMEAD,2145,"9/18 Hainsworth Street, Westmead",2.0,1.0,1,Newly Renovated Split Level Unit,"This newly renovated split level 2 bedroom unit, is a 5 minute walk to Westmead Hospital and the Children Hospital. Easy access to M4 for commuting and the Cumberland Highway.  Features include: - Oversized main bedrrom with large built...",http://www.domain.com.au/9-18-hainsworth-street-westmead-nsw-2145-14035683,Agency,Raine & Horne Parramatta,Brianna Mitchell
ApartmentUnitFlat,Leased,PENDLE HILL,2145,"13/90-92 Stapleton Street, Pendle Hill",2.0,1.0,1,Conveniently located,"- Security apartment located next to a child-friendly playground - Close proximity to all the essential amenities - Tiled flooring throughout - Two double size bedrooms, both with built-ins - Combine living areas flowing out to a large...",http://www.domain.com.au/13-90-92-stapleton-street-pendle-hill-nsw-2145-13810567,Agency,jt property,John Tan
ApartmentUnitFlat,$375 PW,WENTWORTHVILLE,2145,"18/28 Lane Street, Wentworthville",2.0,1.0,1,Split System Air Con & Built-In Robes,"Open plan living with tranquil tree lined outlook from the rear balcony to help escape from everyday suburbia. Combined lounge and dining areas with split system air conditioner, built-in robes to both bedrooms, internal laundry and single...",http://www.domain.com.au/18-28-lane-street-wentworthville-nsw-2145-13938054,Agency,Laing+Simmons Wentworthville,Rental Enquiries
ApartmentUnitFlat,$375.00 weekly,PENDLE HILL,2145,"12/105 STAPLETON STREET, Pendle Hill",2.0,1.0,1,"WALK TO SHOPS, TRAIN!",Situated in a great location within walking distance to shops and trains this bright 2 bedroom unit features;  * Spacious combined lounge and dining * Modern kitchen  * Built in wardrobes to both bedrooms and balcony access * Split sys...,http://www.domain.com.au/12-105-stapleton-street-pendle-hill-nsw-2145-11020568,Agency,Starr Partners Merrylands,RENTAL DEPARTMENT 02 97606677
ApartmentUnitFlat,$390-$400 Per Week,WENTWORTHVILLE,2145,"23/107-109 Lane Street, Wentworthville",2.0,1.0,1,Directly Opposite Woolworth's!,If location matters then make sure you come and inspect this well presented modern unit in outstanding location.  Easy walk to Wentworthville railway station local shopping centre with Woolworth's centre directly across the road and Aldi...,http://www.domain.com.au/23-107-109-lane-street-wentworthville-nsw-2145-14065262,Agency,Best Real Estate,Property Management
House,$370 wk,GREYSTANES,2145,"34a MUNRO STREET, Greystanes",2.0,1.0,,NEAR NEW GRANNY FLAT,Only 12 months old this Granny Flat is well built.  Featuring; * 2 good size rooms with built-ins  * Tiled throughout * Ultra modern kitchen with Gas cooking * Dishwasher * Split system air-conditioning * Separate bath tub to shower...,http://www.domain.com.au/34a-munro-street-greystanes-nsw-2145-14004115,Agency,LJ Hooker Greystanes,"Steven Piljek, Tara Jade"
ApartmentUnitFlat,Contact Agent,WENTWORTHVILLE,2145,"59-61 Essington Street, Wentworthville",1.0,1.0,1,Brand new apartment with ducted air conditioning,"This newly-built complex offers a well-designed 1 bedroom ground floor apartment with plenty of space and natural light.  Located in a sought-after area within walking distance to major supermarkets and retailers including Woolworths, Aldi...",http://www.domain.com.au/59-61-essington-street-wentworthville-nsw-2145-14016075,Agency,Merrylands First National,Rental Department
ApartmentUnitFlat,$370,PENDLE HILL,2145,"4/62 Stapleton Street, Pendle Hill",2.0,1.0,1,1 Weeks Free Rent!,"Being only a six minute walk to Pendle Hill train station, encapsulated by specialty shops, and major markets, walking distance to bus stops, and a short drive to Pendle Hill Public School & Pendle Hill High, this quiet two bedroom, top fl...",http://www.domain.com.au/4-62-stapleton-street-pendle-hill-nsw-2145-14011109,Agency,The Avenue Real Estate Agency,Sarah Costello
ApartmentUnitFlat,$370 per week,WESTMEAD,2145,"11/19 Queens Road, Westmead",2.0,1.0,1,2 Bedroom unit,"This unit is located in a quiet peaceful street within 2 mins walking distance to Westmead train station. Featuring: * timber floor, * a nice and bright kitchen,  * good size lounge and dinning area with access to balcony,  * locked-u...",http://www.domain.com.au/11-19-queens-road-westmead-nsw-2145-13799621,Agency,C & R Realty International,"Elsie Fung, Macy Tan"
House,$370 PW application received,WENTWORTHVILLE,2145,"12 Layton Street, Wentworthville",2.0,1.0,,*** Deposit Taken ***,"This two bedroom house is located in one of Wentworthvilles quietest & sought after streets short distance to local bus stop, Pendle Hill & Wentworthville train station, schools, childcare and shopping centre  features included 2 spacious ...",http://www.domain.com.au/12-layton-street-wentworthville-nsw-2145-14014906,Agency,Laing+Simmons Wentworthville,Rental Enquiries
Villa,$370 PW,SOUTH WENTWORTHVILLE,2145,"18A2 Hampden Road, South Wentworthville",2.0,1.0,1,Lovely Two Bedroom Villa For A Great Price!!,"We invite you to inspect this modern and bright two bedroom villa with features such as, Large combined lounge and dining area that is tiled throughout, modern kitchen with electric cooking and ample cupboard space, modern and spacious bat...",http://www.domain.com.au/18a2-hampden-road-south-wentworthville-nsw-2145-13963465,Agency,Laing+Simmons Wentworthville,Rental Enquiries
ApartmentUnitFlat,$370-$390 per week,GIRRAWEEN,2145,"593B Great Western Highway, Girraween",2.0,1.0,,Gas & Water Included!!!,"You'll certainly love living here in this outstanding location- just a walk to the railway station and local shopping centre it is definitely value for your dollar.  Features include a completely self contained flat, with an eat in kitch...",http://www.domain.com.au/593b-great-western-highway-girraween-nsw-2145-13536022,Agency,Best Real Estate,Property Management
ApartmentUnitFlat,$370-$390 Per Week,WENTWORTHVILLE,2145,"8/22 Lane Street, Wentworthville",2.0,1.0,1,"Hop, Skip & Jump to Railway Station!","Fabulous location in this well presented unit within  an easy stroll to Wentworthville railway station, shopping centre, schools, Woolworth shopping at the end of the street and easy access into Parramatta & Westmead CBD.  This unit incl...",http://www.domain.com.au/8-22-lane-street-wentworthville-nsw-2145-13877765,Agency,Best Real Estate,Property Management
ApartmentUnitFlat,$365 per week,PENDLE HILL,2145,"7/221-223 Dunmore Street, Pendle Hill",2.0,1.0,1,Updated 2 bedroom apartment with newly paint and carpet with AC to be installed,"**CLICK EMAIL AGENT TO REGISTER FOR AN INSPECTION**   Freshly painted 2 bedroom apartment located in the heart of Wentworthville, schools, shops and transport right at your door.  Features Include: * Open plan living area with new car...",http://www.domain.com.au/7-221-223-dunmore-street-pendle-hill-nsw-2145-13913942,Agency,Belle Property Parramatta,Property Management Department
ApartmentUnitFlat,$364,WESTMEAD,2145,"206/148 Great Western High Way, Westmead",2.0,1.0,1,NEAR NEW 2 BEDROOMS,"Built to a high standard, this modern apartment is located in the heart of Westmead, ideally located only minutes from Parramatta CBD/Station, Westmead Hospital & Westmead Station.  The stylish apartments offer:  2 bedroom Laminate ki...",http://www.domain.com.au/206-148-great-western-high-way-westmead-nsw-2145-13955244,Agency,SGCH,
ApartmentUnitFlat,$380,WENTWORTHVILLE,2145,"9/41 Lane Street, Wentworthville",2.0,1.0,1,Walk to all amenities!,"Lovely 2 bedrooms unit at Lane Street.  Excellent location with only minutes walk to parks, school, train station & shopping centre.  Other features include  - Top floor - High ceiling with brick walls - Very spacious living area with ...",http://www.domain.com.au/9-41-lane-street-wentworthville-nsw-2145-12773499,Agency,Realty Professional,"Elina Choy, Leslie Choy"
Villa,$380 per week,CONSTITUTION HILL,2145,"10/15-17 Hart Drive, Constitution Hill",2.0,2.0,1,Great & Convenient Villa with new carpet!,"Located in a handy location close to transport, shopping centre and school with quick access into Parramatta CBD and Westmead Hospital.  Features include-Unique, split level design with high cathedral ceilings.   Spacious open plan liv...",http://www.domain.com.au/10-15-17-hart-drive-constitution-hill-nsw-2145-13468213,Agency,Best Real Estate,Property Management
ApartmentUnitFlat,$360 PW,WENTWORTHVILLE,2145,"17/119 Station Street, Wentworthville",2.0,1.0,1,Location Location Location !!!!!,"This neat and tidy two bedroom unit is only a five minute walk to Wentworthville Train Station, School and shopping Mall, seven minute walk to Woolworths (as per google maps). Along with its fantastic location, carpet throughout, eat in ki...",http://www.domain.com.au/17-119-station-street-wentworthville-nsw-2145-13893206,Agency,Laing+Simmons Wentworthville,Rental Enquiries
ApartmentUnitFlat,$360 per week,GIRRAWEEN,2145,"23/227-231 Targo Road, Girraween",2.0,1.0,,Perfect for growing family,"This amazing unit is conveniently located in one of the sort after areas in Girraween. Enjoy living in comfort and style with close proximity to schools, shops and public transport. The property includes a living room and 2 bedrooms with a...",http://www.domain.com.au/23-227-231-targo-road-girraween-nsw-2145-14031179,Agency,Blink Property,Blink Property NSW
ApartmentUnitFlat,$360 per week,WESTMEAD,2145,"8/17 Caroline  Street, Westmead",2.0,1.0,1,Top Location In Westmead!,Two bedroom unit located in between Parramatta Park and Westmead Hospital in a small friendly block offers perfect location and following:   -Two bedrooms -Brand new carpet throughout -Freshly painted  -Combined lounge and dining -N...,http://www.domain.com.au/8-17-caroline-street-westmead-nsw-2145-13823280,Agency,Gilmour Property Agents,Gilmour Property Agents
ApartmentUnitFlat,$360,GREYSTANES,2145,Greystanes,1.0,1.0,1,Granny Flat for Rent near New,"To Enquire on this Property, Text this code  A3  to 0472 782 321 (no call number), or use the 'Contact Agent' tab to send an email.  We are looking for a neat and respectful female/male or married couple that can look after the unit.  ...",http://www.domain.com.au/greystanes-nsw-2145-12916550,Agency,Australian Home Partners,Admin Team
ApartmentUnitFlat,$360.00 weekly,PENDLE HILL,2145,"15/261 DUNMORE STREET, Pendle Hill",2.0,1.0,1,Location and Conveinience!!,"Situated in a highly sought after location, Modern unit with lots of natural light, convinient location within minutes walk to shops and station.   Features include: - Recently refurbished throughout with fresh paint and carpets - 2 Lar...",http://www.domain.com.au/15-261-dunmore-street-pendle-hill-nsw-2145-11646093,Agency,Starr Partners Merrylands,RENTAL DEPARTMENT 02 97606677
ApartmentUnitFlat,$360 PW,WENTWORTHVILLE,2145,"4/253 Dunmore Street, Wentworthville",2.0,1.0,1,2 Bedroom Unit With Air Conditioning,We invite you to inspect this 2 bedroom unit. Positioned on the ground floor with a balcony. There is an open plan lounge and dining room with split system air conditioning which leads to a large spacious kitchen with gas cooking.Internal ...,http://www.domain.com.au/4-253-dunmore-street-wentworthville-nsw-2145-13950619,Agency,Laing+Simmons Wentworthville,Rental Enquiries
ApartmentUnitFlat,$360,WENTWORTHVILLE,2145,"2/28 Lane Street, Wentworthville",2.0,1.0,1,Handy to all amenities,"Only 5 minutes walking distance to train station, shopping mall, restaurant, cafe & school is this lovely 2 bedroom unit at 28 Lane Street.  Other features include:-  - Good condition 2 bedrooms - Security complex on first floor - Buil...",http://www.domain.com.au/2-28-lane-street-wentworthville-nsw-2145-12295635,Agency,Realty Professional,"Elina Choy, Leslie Choy"
ApartmentUnitFlat,$360,WESTMEAD,2145,"6/15 Queens Road, Westmead",2.0,1.0,1,Top Floor Unit With Carspace In Sought After Location,This superb two-bedroom unit situated on the top floor of a small neat complex is a must to inspect:  Featuring: 	Spacious combined lounge and dining 	Modern kitchen 	Freshly painted throughout 	Shared laundry 	New laminate flooring...,http://www.domain.com.au/6-15-queens-road-westmead-nsw-2145-13631313,Agency,Starr Partners Parramatta,Christopher Vieira
ApartmentUnitFlat,$360 Per Week,PENDLE HILL,2145,"2/219 Dunmore Street, Pendle Hill",2.0,1.0,1,SPACIOUS UNIT IN A QUIET COMPLEX,"This well presented two-bedroom unit has a beautiful sunny aspect throughout, with a convenient location  Featuring;  2 generous sized bedrooms with built in & balcony to the main Spacious lounge combined dining room, with 2nd balcony...",http://www.domain.com.au/2-219-dunmore-street-pendle-hill-nsw-2145-14055806,Agency,Century 21 Advantage,Leasing Team
ApartmentUnitFlat,$360.00 weekly,PENDLE HILL,2145,"8/261-265 DUNMORE STREET, Pendle Hill",2.0,1.0,1,Superb Two bedroom unit with Spacious lounge and Gas cooking!,Located in the popular suburb of Pendle Hill and located in an ideal located near Pendle Hill railway station and features:-  + Large bright kitchen with granite benchtops and gas cooktop + Spacious combined lounge and dining room + La...,http://www.domain.com.au/8-261-265-dunmore-street-pendle-hill-nsw-2145-13976430,Agency,Starr Partners Merrylands,RENTAL DEPARTMENT 02 97606677
House,$370 Weekly,GREYSTANES,2145,"8a Lloyd Street, Greystanes",2.0,1.0,,Modern 2 Bedroom Granny Flat!,Located in a quiet street this 2 bedroom granny flan is as new and offers all modern inclusions. Features include;    * Modern kitchen with stone benchtops and gas cooking  * Ultra modern bathroom   * Open plan living with split system...,http://www.domain.com.au/8a-lloyd-street-greystanes-nsw-2145-13956265,Agency, Starr Partners Wentworthville,Starr Partners Wentworthville Rentals
ApartmentUnitFlat,$370 Per Week,WENTWORTHVILLE,2145,"24/107-109 Lane Street, Wentworthville",2.0,1.0,1,Prime school catchment location!,"Freshly Painted and Just perfect for couples, commuters and families!   In the heart of Wentworthville Public School catchment!  This spacious modern unit is walking distance to the train station, bus stop out front, close to shopping ...",http://www.domain.com.au/24-107-109-lane-street-wentworthville-nsw-2145-13700119,Agency,Best Real Estate,Property Management
House,$350 per week,PENDLE HILL,2145,"14/275-277 Dunmore Street, Pendle Hill",2.0,1.0,1,Fantastic Unit In A Great Location,"his fantastic 2 bedroom unit offers a spacious lounge and dining area with a balcony, neat kitchen and bathroom, great sized bedrooms and a single lock up garage. Located close to all amenities. Call to inspect today.",http://www.domain.com.au/14-275-277-dunmore-street-pendle-hill-nsw-2145-14066573,Agency,Elders Real Estate Toongabbie,Rentals Team
House,$350,GREYSTANES,2145,"5A Adler Street, Greystanes",2.0,1.0,,FRESHLY PAINTED 2 BEDROOM GRANNY FLAT IN A GREAT LOCATION!!,"This 2 bedroom granny flat is located in a quiet street in popular Greystanes, close to local schools, shops, public transport, and all amenities.  Property Features:  * Freshly Painted with Brand New Flooring * Two good sized bedroom...",http://www.domain.com.au/5a-adler-street-greystanes-nsw-2145-13931479,Agency,Ray White Blacktown City,Georgina Mezher
ApartmentUnitFlat,$350-$370 Per Week,WESTMEAD,2145,"2/43a Grand Avenue, Westmead",2.0,1.0,1,Recently Renovated Kitchen and Bathroom,"*Two bedroom unit     *Recently renovated kitchen     *Recently renovated bathroom     *One bathroom     *Internal laundry facility in bathroom     *Carport     *Close to University, Westmead Hospital     *No Pets.",http://www.domain.com.au/2-43a-grand-avenue-westmead-nsw-2145-14046183,Agency,Best Real Estate,Property Management
ApartmentUnitFlat,$350,WENTWORTHVILLE,2145,"25 Sturdee Street, Wentworthville",1.0,1.0,,1 Bed 1 Bath  Newly Built - Only for Working Professionals,This 1 Bed 1 Bath Property is a part of the Main House but has a seperate access to the setup. It has one fully furnished living room and One Bedroom with a Double bed and an Extra bed for your friend visiting overnight. Built In robe in...,http://www.domain.com.au/25-sturdee-street-wentworthville-nsw-2145-14022336,Agency,Sydney Property Realtors,Hitesh K
ApartmentUnitFlat,$350 to $360,WENTWORTHVILLE,2145,"6/150 Station Street, Wentworthville",2.0,1.0,1,One Week Rent Free,One week rent free period  Century 21 Infinity is proud to present this spacious unit with decent size bedrooms. It is a ready to move property which includes windows that provide ample of natural sunlight. From the open concept kitchen t...,http://www.domain.com.au/6-150-station-street-wentworthville-nsw-2145-13844366,Agency,Century 21 Infinity,"Richa Uppal, Amit Sharma"
House,$350 PW,WENTWORTHVILLE,2145,"33 Springdale Road, Wentworthville",2.0,1.0,1,Cute And Cosy,"We invite you to inspect this 2 bedroom home, offering air conditioning in the living area, separate lounge and dining area, gas cooking, single carport and a spacious backyard.  To inspect this property please ensure you register your d...",http://www.domain.com.au/33-springdale-road-wentworthville-nsw-2145-14070674,Agency,Laing+Simmons Wentworthville,Rental Enquiries
ApartmentUnitFlat,$350 PW,WENTWORTHVILLE,2145,"6/12 Emert Street, Wentworthville",2.0,1.0,1,Excellent Value In Small Complex Close To  Station & Shops,"Quietly positioned in a small complex & located only a short walk away from Wentworthville Railway Station,shopping village, quality schools & parkland is this well presented apartment offering excellent value for money, features include 2...",http://www.domain.com.au/6-12-emert-street-wentworthville-nsw-2145-13639115,Agency,Laing+Simmons Wentworthville,Rental Enquiries
ApartmentUnitFlat,$350 Per Week application received,WESTMEAD,2145,"1/6 Alexandra Avenue, Westmead",2.0,1.0,1,Two Bedroom Unit In Westmead,Two good size bedroom unit located on ground floor walking distance to Westmead train station and shops offers following:   - Good size combined lounge and dining - Floor boards throughout  - Good size neat and clean kitchen - Electri...,http://www.domain.com.au/1-6-alexandra-avenue-westmead-nsw-2145-10485874,Agency,Laing+Simmons Parramatta,Cintia Elkhoury
House,$350,SOUTH WENTWORTHVILLE,2145,"96A BORONIA STREET, South Wentworthville",2.0,1.0,1,"MODERN GRANNY FLAT- PRIVATE , SPACIOUS AND VERY SECURE","This Granny flat has private entry, is very spacious, and very secure. Lots of Natural light via windows in raked ceilings  ENTRY VIA COLOUBOND SECURITY GATE  Step inside into combined lounge / dining, which flows to covered patio and...",http://www.domain.com.au/96a-boronia-street-south-wentworthville-nsw-2145-13900201,Agency,Cumberland Realty Group,Francesca Luccitti
ApartmentUnitFlat,$350 PW application received,WENTWORTHVILLE,2145,"8/36 Lane Street, Wentworthville",2.0,1.0,1,*** Deposit Taken ***,"Ideally located close to all facilities is this affordable 2 bedroom apartment, features include built in wardrobe to main, spacious lounge and dining area, Internal laundry, balcony, and carport.  To inspect this property please ensure ...",http://www.domain.com.au/8-36-lane-street-wentworthville-nsw-2145-13967713,Agency,Laing+Simmons Wentworthville,Rental Enquiries
ApartmentUnitFlat,$350,GREYSTANES,2145,"58A Alpha Road, Greystanes",1.0,1.0,,Near New Granny Flat In Greystanes,Near new Granny Flat located in a peaceful street with own separate access.  - Features a bright and sunny open living area with tiled floors -  R/C air conditioning -  Near new modern kitchen with stainless steel appliance and ceasar s...,http://www.domain.com.au/58a-alpha-road-greystanes-nsw-2145-14079092,Agency,Ray Wehbe Real Estate,Ray Wehbe
House,$340pw,SOUTH WENTWORTHVILLE,2145,"9 Northcott Street, South Wentworthville",3.0,1.0,1,Family Home! Neat & tidy,Well maintained 3 bedroom house:  - Separate lounge and dining - Internal laundry  - Neat and tidy modern kitchen with gas cooking - Air conditioning in lounge - Vinyl floor throughout easy to clean - Lock up garage - Large backyar...,http://www.domain.com.au/9-northcott-street-south-wentworthville-nsw-2145-13506449,Agency,Professionals Merrylands,Guy Zhu
House,$340 per week,SOUTH WENTWORTHVILLE,2145,"A/106 CENTENARY ROAD, South Wentworthville",2.0,1.0,1,2 Bedroom Granny Flat,"This spacious 2 bedroom granny flat is now available.  Features:  * 2 bedrooms * Large kitchen and separate living area * Combined Bathroom / Laundry. * 1 parking space.  Located close to shopping, also close to Merrylands 5 mins ...",http://www.domain.com.au/a-106-centenary-road-south-wentworthville-nsw-2145-12605070,Agency,A Plus Realty,NASSIF SEMAAN
ApartmentUnitFlat,$350-$370,WENTWORTHVILLE,2145,"6/12 Emert Street, Wentworthville",2.0,1.0,,Five Minutes to Station!,"Well priced unit in handy spot within easy walking distance to railway station, shopping centre, school and day care and an easy drive to Parramatta and Westmead.   Perfect for commuters and the busy professional or retired person.  Tw...",http://www.domain.com.au/6-12-emert-street-wentworthville-nsw-2145-14046389,Agency,Best Real Estate,Property Management
ApartmentUnitFlat,$330,WESTMEAD,2145,"5/32 Jessie Street, Westmead",1.0,1.0,1,VALUE PACKED 1-BEDROOM ACROSS FROM WESTMEAD HOSPITAL!,**CLICK EMAIL AGENT TO REGISTER FOR AN INSPECTION**  This immaculately presented 1-Bedroom apartment is situated in a sought after location across from Westmead Hospital. Featuring:  * Modern + clean kitchen and dining area * Good siz...,http://www.domain.com.au/5-32-jessie-street-westmead-nsw-2145-13944129,Agency,Belle Property Parramatta,Property Management Department
House,$325.00 PW - All Bills Included In Rent,GREYSTANES,2145,"321a Old Prospect Rd, Greystanes",1.0,1.0,,Brand New 1 Bedroom Granny Flat,Brand new 1 bedroom granny flat. With Brick Construction. Features Include: - Tiled Flooring Throughout - Modern kitchen & Bathroom - Gas Cooking - Spacious Bedroom - Internal Laundry - All Bills Included in Rent,http://www.domain.com.au/321a-old-prospect-rd-greystanes-nsw-2145-13754482,Agency,National Real Estate,Hosnia Momandi
ApartmentUnitFlat,$325 per week,WESTMEAD,2145,"9/23 Caroline Street, Westmead",2.0,1.0,1,Deposit Taken,"CLOSE TO HOSPITALS & PARRAMATTA PARK  This full brick & concrete slab 2 bedroom home unit is peacefully positioned in the heart of Westmead. Situated adjacent to Westmead hospital & Parramatta Park, this prized location enjoys an ultra-co...",http://www.domain.com.au/9-23-caroline-street-westmead-nsw-2145-13991993,Agency,Ray White Parramatta/Oatlands/Northmead,Ray White Parramatta
House,$320 Per Week,WENTWORTHVILLE,2145,"4 Stapleton Street, Wentworthville",3.0,1.0,3,3 Bedroom Home Pet Friendly!,"You must inspect this neat and tidy home in sought after street, close to School, Station, Public Transport and all amenities.  INCLUSIONS: 3 good sized bedrooms with timber flooring  Kitchen with lots of cupboards dining  Functional ...",http://www.domain.com.au/4-stapleton-street-wentworthville-nsw-2145-12618785,Agency,Century 21 Advantage,Leasing Team
House,$315,WESTMEAD,2145,"31 Alexandra Ave, Westmead",1.0,1.0,1,Great Location Minutes Away from Westmead Train Station  School  Westmead Hospital  Parramatta CBD,"Property ID. 47470 Send an online enquiry then check your email for a link to apply  .  .  .  .  .  .  .  .  .  .  .  .  .  .  .  .  .  .  .  .  .  .  .  Great Location Minutes Away from Westmead Train Station , Westmead School , West...",http://www.domain.com.au/31-alexandra-ave-westmead-nsw-2145-13299185,Agency,Cubbi,Cubbi (47470)
ApartmentUnitFlat,$315 wk,WESTMEAD,2145,"2/77A Bridge Road, Westmead",1.0,1.0,1,GREAT SIZE ONE BEDROOM UNIT CLOSE TO HEART OF WESTMEAD! WATER USAGE INCLUDED,"This unit is great for a single person or couple, offering one large bedroom, updated kitchen with electric cooking, carpeted lounge and dining space and neat and tidy bathroom with bath and shower facilities.  The complex that the unit is...",http://www.domain.com.au/2-77a-bridge-road-westmead-nsw-2145-14051491,Agency,LJ Hooker Seven Hills,LJ Hooker Seven Hills
House,$310PW - All bills Included,CONSTITUTION HILL,2145,"45a Greenleaf St, Constitution Hill",1.0,1.0,,Modern 1 Bedroom Granny Flat,"Located in a quiet street, This modern 1 bedroom granny flat is located within 1.2kms of Campion College and 3.5km from Westmead Hospital. Features Include: * Polished timber flooring throughout * Large bedroom * Separate Living room ...",http://www.domain.com.au/45a-greenleaf-st-constitution-hill-nsw-2145-13987096,Agency,National Real Estate,Chris Kaltoum
ApartmentUnitFlat,$300,WENTWORTHVILLE,2145,"2/2 The Kingsway, Wentworthville",1.0,1.0,,NICE AND COSY - LOW MAINTENANCE UNIT,"Located across the road from Wentworthville train station, this one-bedroom unit is walking distance to everything you could possibly need! Wentworthville offers local shops, food, cafes and plenty of transport options to the city and oute...",http://www.domain.com.au/2-2-the-kingsway-wentworthville-nsw-2145-14066212,Agency,Raine & Horne Parramatta,Brianna Mitchell
ApartmentUnitFlat,$300,PENDLE HILL,2145,"A/45 Frederick Street, Pendle Hill",1.0,1.0,1,LOW BUDGET LIVING!,"Aussie Unity Real Estate is proud to present this extremely affordable living, right in the heart of Pendle Hill.  The home consists of open plan living, a single bedroom, bathroom and a private yard. The home is ideal for those that wan...",http://www.domain.com.au/a-45-frederick-street-pendle-hill-nsw-2145-14045359,Agency,Aussie Unity Real Estate,Aussie Unity Real Estate Property Management
House,$300,CONSTITUTION HILL,2145,"8A Slim Place, Constitution Hill",1.0,1.0,,One Bedroom Granny Flat for Lease!,"Spacious granny flat located under main residence, featuring: - one large bedroom with built in wardrobe - separate kitchen and roomy lounge/dining area - access to shared backyard  Conveniently located in Constitution Hill close to p...",http://www.domain.com.au/8a-slim-place-constitution-hill-nsw-2145-14012727,Agency,Better Homes and Gardens Real Estate - The Ponds,"Saeshen Attapallil, Pieter Knower"
ApartmentUnitFlat,Deposit Taken,WESTMEAD,2145,"1/27 Jessie Street, Westmead",2.0,1.0,1,Perfectly positioned in the heart of Westmead close to all local amenities!,"This two bedroom unit is located between Parramatta Park & Westmead Hospital, and closed to Westmead train station, Parramatta CBD (through the park), local shops, bus stops, reputable private and public schools and hospital precinct.   ...",http://www.domain.com.au/1-27-jessie-street-westmead-nsw-2145-13822367,Agency,Central Property Group Australia Pty Ltd,"Admin Central Property Group, Silvia Wan"
House,$290 Weekly,WENTWORTHVILLE,2145,"23b Jordan St, Wentworthville",1.0,1.0,,Gorgeous Studio Apartment!,"This beautiful studio apartment located in a sought after area of Wentworthville is only 850m to Wentworthville train station, shops, schoolsand major supermarkets and only 1km to Westmead train station, shops and schools  Features includ...",http://www.domain.com.au/23b-jordan-st-wentworthville-nsw-2145-13979613,Agency, Starr Partners Wentworthville,Starr Partners Wentworthville Rentals
ApartmentUnitFlat,$300 Per Week,PENDLE HILL,2145,"1/462 Great Western Highway, Pendle Hill",1.0,1.0,1,Lovely half house!!,"This well positioned 1 bedroom half house has been freshly painted and new floating flooring.   Features include a large combined lounge and dining with air conditioning, small study area or storage area, modern kitchen with electric cooki...",http://www.domain.com.au/1-462-great-western-highway-pendle-hill-nsw-2145-14047139,Agency,Best Real Estate,Property Management
SemiDetached,$280,WENTWORTHVILLE,2145,"18 Jordan Street, Wentworthville",2.0,1.0,1,"Dual occupancy for single house, new renovated 2 bedroom, available now","Situated in one of Wentworthvilles most prominent streets on the high side, the whole house includes 4 bedrooms and 2 kitchens & 2 bathrooms; the front side has already been leased to friendly tenants. With an eye-catching woodwork floor c...",http://www.domain.com.au/18-jordan-street-wentworthville-nsw-2145-11762106,Agency,Brightland Real Estate,David Zeng
Studio,$270 PW,PENDLE HILL,2145,"14A Pendle Way, Pendle Hill",1.0,1.0,,Fantastic Value,"We invite you to inspect this cosy 1 bedroom studio. Offering a tidy kitchen with electric cooking, polished timber floors throughout, air conditioning, combined laundry and bathroom To inspect this property please ensure you register you...",http://www.domain.com.au/14a-pendle-way-pendle-hill-nsw-2145-14055735,Agency,Laing+Simmons Wentworthville,Rental Enquiries
ApartmentUnitFlat,$240,PENDLE HILL,2145,"3/497 B Great Western Highway, Pendle Hill",1.0,1.0,,CLOSE TO ALL,"Aussie Unity Real Estate would like to welcome into the rental market, this fantastic low budget living located within close proximity to buses, restaurants, schools and parklands.   The property is well spaced out with 1 good sized bedr...",http://www.domain.com.au/3-497-b-great-western-highway-pendle-hill-nsw-2145-13739307,Agency,Aussie Unity Real Estate,Aussie Unity Real Estate Property Management
ApartmentUnitFlat,$240,GREYSTANES,2145,"4/497B Great Western Highway, Greystanes",1.0,1.0,2,Price Slashed to Lease Today!,If you are on a tight budget or saving your pennies this well price flatwill be exactly what you are looking for.  Features include large separate lounge room and bedroom.  Eat in kitchen.  Neat & tidy bathroom.  Parking available ...,http://www.domain.com.au/4-497b-great-western-highway-greystanes-nsw-2145-13913532,Agency,Best Real Estate,Property Management
House,$230 p.w.,GREYSTANES,2145,"140A Ringrose Avenue, Greystanes",1.0,1.0,,Granny Flat Living,"This light filled 1 bedroom grannyflat located in the heart of Greystanes is close to shops, schools and public transport.  Perfect for a student, single person or couple. Features of the property include:  - floorboards -stovetop and o...",http://www.domain.com.au/140a-ringrose-avenue-greystanes-nsw-2145-14062721,Agency,Hunters Agency & Co Merrylands,"Zac Moses, Megan Town"
House,$210 wk,GREYSTANES,2145,"3/272 OLD PROSPECT ROAD, Greystanes",1.0,1.0,1,ONE BEDROOM GRANNY FLAT,* Situated in a small complex of 4 granny flats with friendly neighbours * 1 Bedroom with separate living area * Carpet throughout * Electric kitchen  * Combined laundry and Bathroom * Off Street parking on property * Bus Stop at the...,http://www.domain.com.au/3-272-old-prospect-road-greystanes-nsw-2145-14037441,Agency,LJ Hooker Greystanes,Steven Piljek
ApartmentUnitFlat,$240 Per Week,GIRRAWEEN,2145,"3/19 Targo Road, Girraween",1.0,1.0,,"Bright, Clean & Convenient Studio apartment.","Separate kitchen.    Modern floor boards throughout, Laundry facilities in the bathroom.  Street parking only. Separate Electricity.  Come and inspect - 9636 2000!!",http://www.domain.com.au/3-19-targo-road-girraween-nsw-2145-13724916,Agency,Best Real Estate,Property Management
ApartmentUnitFlat,ONE WEEK FREE RENT,GREYSTANES,2145,Greystanes,1.0,1.0,,PERFECT LOW MAINTENANCE LIVING,Perfect size flat if you are looking for something for yourself or for two. Situated in a popular location in Greystanes featuring:   * One bedroom with built-in * Good size living with kitchen * Neat bathroom/laundry  * Bills include...,http://www.domain.com.au/greystanes-nsw-2145-13843235,Agency,ESER PROPERTY,"Sarah Kazzi, Rachelle Nohra"
House,$200,WENTWORTHVILLE,2145,"1/14 Oatlands Street, Wentworthville",1.0,1.0,,Self Contained Flat,"Self contained flat, (located at the back of this house) suitable for one person.  Share use of the backyard with the house. Street Parking.",http://www.domain.com.au/1-14-oatlands-street-wentworthville-nsw-2145-14053557,Agency,Best Real Estate,Property Management
ApartmentUnitFlat,$360 to $370,WESTMEAD,2145,"1/8-12 Alexandra Avenue, Westmead",1.0,1.0,1,"Affordable Prime Westmead Location, one bedroom spacious apartment!","A well presented spacious one bedroom apartment with the lock-up garage, featuring combined lounge and dinning room in a quiet environment. This includes a good size gourmet kitchen with gas stove and plenty of cupboard space. The bedroo...",http://www.domain.com.au/1-8-12-alexandra-avenue-westmead-nsw-2145-8373938,Agency,Sydney Prestige Realty,John  Nathan
ApartmentUnitFlat,$350,GREYSTANES,2145,"4 Cooma RD, Greystanes",1.0,1.0,1,Granny Flat near New,"We are looking for a neat 25 plus age Single or couple that can look after the unit.  The granny flat with its own separate access with kitchen and bathroom included a spacious bedroom & double built-in cupboards. Fully, insulated walls ...",http://www.domain.com.au/4-cooma-rd-greystanes-nsw-2145-14000184,Agency,Rentmaster Pty Ltd,RealRenta.com.au
